sdp,bi,sec,sem,ssc,ssb,time

1,1,1,16,False,1,0.17
1,1,1,16,False,2,0.159
1,1,1,16,False,4,0.164
1,1,1,16,False,8,0.163
1,1,1,16,True,1,0.155
1,1,1,16,True,2,0.16
1,1,1,16,True,4,0.19
1,1,1,16,True,8,0.2
1,1,1,4,False,1,1.167
1,1,1,4,False,2,1.276
1,1,1,4,False,4,1.186
1,1,1,4,False,8,1.285
1,1,1,4,True,1,1.171
1,1,1,4,True,2,1.411
1,1,1,4,True,4,1.317
1,1,1,4,True,8,1.194
1,1,1,8,False,1,0.346
1,1,1,8,False,2,0.276
1,1,1,8,False,4,0.495
1,1,1,8,False,8,0.451
1,1,1,8,True,1,0.252
1,1,1,8,True,2,1.066
1,1,1,8,True,4,0.472
1,1,1,8,True,8,1.051
1,1,2,16,False,1,0.182
1,1,2,16,False,2,0.159
1,1,2,16,False,4,0.181
1,1,2,16,False,8,0.187
1,1,2,16,True,1,0.159
1,1,2,16,True,2,0.195
1,1,2,16,True,4,0.197
1,1,2,16,True,8,0.186
1,1,2,4,False,1,0.301
1,1,2,4,False,2,0.362
1,1,2,4,False,4,0.373
1,1,2,4,False,8,0.365
1,1,2,4,True,1,0.248
1,1,2,4,True,2,0.432
1,1,2,4,True,4,0.328
1,1,2,4,True,8,0.362
1,1,2,8,False,1,0.203
1,1,2,8,False,2,0.346
1,1,2,8,False,4,0.365
1,1,2,8,False,8,1.043
1,1,2,8,True,1,0.26
1,1,2,8,True,2,0.422
1,1,2,8,True,4,0.377
1,1,2,8,True,8,0.496
1,1,4,16,False,1,0.164
1,1,4,16,False,2,0.167
1,1,4,16,False,4,0.192
1,1,4,16,False,8,0.199
1,1,4,16,True,1,0.158
1,1,4,16,True,2,0.177
1,1,4,16,True,4,0.174
1,1,4,16,True,8,0.208
1,1,4,4,False,1,0.165
1,1,4,4,False,2,0.171
1,1,4,4,False,4,0.179
1,1,4,4,False,8,0.209
1,1,4,4,True,1,0.159
1,1,4,4,True,2,0.174
1,1,4,4,True,4,0.197
1,1,4,4,True,8,0.175
1,1,4,8,False,1,0.153
1,1,4,8,False,2,0.165
1,1,4,8,False,4,0.175
1,1,4,8,False,8,0.185
1,1,4,8,True,1,0.167
1,1,4,8,True,2,0.153
1,1,4,8,True,4,0.196
1,1,4,8,True,8,0.195
1,1,8,16,False,1,0.129
1,1,8,16,False,2,0.15
1,1,8,16,False,4,0.149
1,1,8,16,False,8,0.15
1,1,8,16,True,1,0.129
1,1,8,16,True,2,0.128
1,1,8,16,True,4,0.148
1,1,8,16,True,8,0.136
1,1,8,4,False,1,0.129
1,1,8,4,False,2,0.13
1,1,8,4,False,4,0.137
1,1,8,4,False,8,0.158
1,1,8,4,True,1,0.128
1,1,8,4,True,2,0.132
1,1,8,4,True,4,0.139
1,1,8,4,True,8,0.134
1,1,8,8,False,1,0.138
1,1,8,8,False,2,0.133
1,1,8,8,False,4,0.132
1,1,8,8,False,8,0.133
1,1,8,8,True,1,0.127
1,1,8,8,True,2,0.136
1,1,8,8,True,4,0.136
1,1,8,8,True,8,0.136
1,2,1,16,False,1,0.222
1,2,1,16,False,2,0.261
1,2,1,16,False,4,0.263
1,2,1,16,False,8,0.31
1,2,1,16,True,1,0.24
1,2,1,16,True,2,0.278
1,2,1,16,True,4,0.317
1,2,1,16,True,8,0.286
1,2,1,4,False,1,1.884
1,2,1,4,False,2,1.386
1,2,1,4,False,4,1.576
1,2,1,4,False,8,1.295
1,2,1,4,True,1,1.962
1,2,1,4,True,2,1.34
1,2,1,4,True,4,1.261
1,2,1,4,True,8,1.177
1,2,1,8,False,1,1.132
1,2,1,8,False,2,1.096
1,2,1,8,False,4,1.064
1,2,1,8,False,8,1.081
1,2,1,8,True,1,0.476
1,2,1,8,True,2,1.089
1,2,1,8,True,4,1.106
1,2,1,8,True,8,1.163
1,2,2,16,False,1,0.224
1,2,2,16,False,2,0.251
1,2,2,16,False,4,0.297
1,2,2,16,False,8,0.335
1,2,2,16,True,1,0.222
1,2,2,16,True,2,0.266
1,2,2,16,True,4,0.265
1,2,2,16,True,8,0.247
1,2,2,4,False,1,0.346
1,2,2,4,False,2,1.12
1,2,2,4,False,4,1.076
1,2,2,4,False,8,1.085
1,2,2,4,True,1,1.202
1,2,2,4,True,2,0.527
1,2,2,4,True,4,1.132
1,2,2,4,True,8,1.091
1,2,2,8,False,1,0.395
1,2,2,8,False,2,1.127
1,2,2,8,False,4,1.155
1,2,2,8,False,8,1.031
1,2,2,8,True,1,1.083
1,2,2,8,True,2,1.177
1,2,2,8,True,4,1.161
1,2,2,8,True,8,1.04
1,2,4,16,False,1,0.221
1,2,4,16,False,2,0.21
1,2,4,16,False,4,0.245
1,2,4,16,False,8,0.319
1,2,4,16,True,1,0.252
1,2,4,16,True,2,0.253
1,2,4,16,True,4,0.26
1,2,4,16,True,8,0.251
1,2,4,4,False,1,0.228
1,2,4,4,False,2,0.22
1,2,4,4,False,4,0.314
1,2,4,4,False,8,0.247
1,2,4,4,True,1,0.239
1,2,4,4,True,2,0.254
1,2,4,4,True,4,0.263
1,2,4,4,True,8,0.267
1,2,4,8,False,1,0.233
1,2,4,8,False,2,0.276
1,2,4,8,False,4,0.321
1,2,4,8,False,8,0.349
1,2,4,8,True,1,0.23
1,2,4,8,True,2,0.293
1,2,4,8,True,4,0.289
1,2,4,8,True,8,0.27
1,2,8,16,False,1,0.214
1,2,8,16,False,2,0.192
1,2,8,16,False,4,0.223
1,2,8,16,False,8,0.22
1,2,8,16,True,1,0.214
1,2,8,16,True,2,0.213
1,2,8,16,True,4,0.203
1,2,8,16,True,8,0.206
1,2,8,4,False,1,0.198
1,2,8,4,False,2,0.203
1,2,8,4,False,4,0.198
1,2,8,4,False,8,0.2
1,2,8,4,True,1,0.194
1,2,8,4,True,2,0.193
1,2,8,4,True,4,0.203
1,2,8,4,True,8,0.208
1,2,8,8,False,1,0.207
1,2,8,8,False,2,0.211
1,2,8,8,False,4,0.221
1,2,8,8,False,8,0.193
1,2,8,8,True,1,0.207
1,2,8,8,True,2,0.199
1,2,8,8,True,4,0.223
1,2,8,8,True,8,0.227
1,4,1,16,False,1,0.256
1,4,1,16,False,2,0.281
1,4,1,16,False,4,1.009
1,4,1,16,False,8,1.176
1,4,1,16,True,1,0.271
1,4,1,16,True,2,1.157
1,4,1,16,True,4,0.54
1,4,1,16,True,8,1.226
1,4,1,4,False,1,6.772
1,4,1,4,False,2,6.683
1,4,1,4,False,4,6.074
1,4,1,4,False,8,5.846
1,4,1,4,True,1,5.957
1,4,1,4,True,2,7.094
1,4,1,4,True,4,6.171
1,4,1,4,True,8,4.529
1,4,1,8,False,1,1.515
1,4,1,8,False,2,1.24
1,4,1,8,False,4,1.233
1,4,1,8,False,8,1.25
1,4,1,8,True,1,1.264
1,4,1,8,True,2,1.269
1,4,1,8,True,4,1.255
1,4,1,8,True,8,1.188
1,4,2,16,False,1,0.279
1,4,2,16,False,2,1.201
1,4,2,16,False,4,0.546
1,4,2,16,False,8,0.482
1,4,2,16,True,1,0.291
1,4,2,16,True,2,0.294
1,4,2,16,True,4,0.521
1,4,2,16,True,8,1.214
1,4,2,4,False,1,1.234
1,4,2,4,False,2,1.273
1,4,2,4,False,4,1.254
1,4,2,4,False,8,1.225
1,4,2,4,True,1,1.276
1,4,2,4,True,2,1.278
1,4,2,4,True,4,1.306
1,4,2,4,True,8,1.28
1,4,2,8,False,1,1.276
1,4,2,8,False,2,1.245
1,4,2,8,False,4,1.459
1,4,2,8,False,8,1.238
1,4,2,8,True,1,1.27
1,4,2,8,True,2,1.277
1,4,2,8,True,4,1.212
1,4,2,8,True,8,1.249
1,4,4,16,False,1,0.253
1,4,4,16,False,2,0.501
1,4,4,16,False,4,0.549
1,4,4,16,False,8,0.631
1,4,4,16,True,1,0.279
1,4,4,16,True,2,0.367
1,4,4,16,True,4,1.041
1,4,4,16,True,8,1.242
1,4,4,4,False,1,0.266
1,4,4,4,False,2,0.346
1,4,4,4,False,4,0.35
1,4,4,4,False,8,0.705
1,4,4,4,True,1,0.283
1,4,4,4,True,2,0.617
1,4,4,4,True,4,1.193
1,4,4,4,True,8,0.544
1,4,4,8,False,1,0.315
1,4,4,8,False,2,0.443
1,4,4,8,False,4,0.527
1,4,4,8,False,8,1.154
1,4,4,8,True,1,0.28
1,4,4,8,True,2,0.33
1,4,4,8,True,4,0.571
1,4,4,8,True,8,0.478
1,4,8,16,False,1,0.254
1,4,8,16,False,2,0.239
1,4,8,16,False,4,0.23
1,4,8,16,False,8,0.25
1,4,8,16,True,1,0.241
1,4,8,16,True,2,0.236
1,4,8,16,True,4,0.256
1,4,8,16,True,8,0.26
1,4,8,4,False,1,0.274
1,4,8,4,False,2,0.272
1,4,8,4,False,4,0.242
1,4,8,4,False,8,0.26
1,4,8,4,True,1,0.255
1,4,8,4,True,2,0.241
1,4,8,4,True,4,0.266
1,4,8,4,True,8,0.29
1,4,8,8,False,1,0.265
1,4,8,8,False,2,0.245
1,4,8,8,False,4,0.256
1,4,8,8,False,8,0.229
1,4,8,8,True,1,0.255
1,4,8,8,True,2,0.256
1,4,8,8,True,4,0.248
1,4,8,8,True,8,0.268
1,8,1,16,False,1,0.31
1,8,1,16,False,2,1.239
1,8,1,16,False,4,1.199
1,8,1,16,False,8,1.268
1,8,1,16,True,1,0.314
1,8,1,16,True,2,1.244
1,8,1,16,True,4,1.319
1,8,1,16,True,8,1.284
1,8,1,4,False,2,10.953
1,8,1,4,False,4,5.07
1,8,1,4,False,8,6.543
1,8,1,4,True,1,7.387
1,8,1,4,True,2,3.464
1,8,1,4,True,4,4.909
1,8,1,4,True,8,2.694
1,8,1,8,False,1,1.773
1,8,1,8,False,2,1.361
1,8,1,8,False,4,1.61
1,8,1,8,False,8,2.217
1,8,1,8,True,1,1.326
1,8,1,8,True,2,1.363
1,8,1,8,True,4,1.345
1,8,1,8,True,8,1.536
1,8,2,16,False,1,0.286
1,8,2,16,False,2,1.304
1,8,2,16,False,4,1.214
1,8,2,16,False,8,1.279
1,8,2,16,True,1,0.281
1,8,2,16,True,2,1.178
1,8,2,16,True,4,1.251
1,8,2,16,True,8,1.3
1,8,2,4,False,1,1.29
1,8,2,4,False,2,1.399
1,8,2,4,False,4,1.4
1,8,2,4,False,8,1.341
1,8,2,4,True,1,1.384
1,8,2,4,True,2,1.842
1,8,2,4,True,4,1.645
1,8,2,4,True,8,1.351
1,8,2,8,False,1,1.467
1,8,2,8,False,2,1.505
1,8,2,8,False,4,2.251
1,8,2,8,False,8,1.544
1,8,2,8,True,1,1.365
1,8,2,8,True,2,2.275
1,8,2,8,True,4,2.218
1,8,2,8,True,8,2.173
1,8,4,16,False,1,0.261
1,8,4,16,False,2,0.375
1,8,4,16,False,4,1.176
1,8,4,16,False,8,1.286
1,8,4,16,True,1,1.262
1,8,4,16,True,2,1.131
1,8,4,16,True,4,1.324
1,8,4,16,True,8,1.276
1,8,4,4,False,1,1.222
1,8,4,4,False,2,0.908
1,8,4,4,False,4,1.218
1,8,4,4,False,8,1.246
1,8,4,4,True,1,0.313
1,8,4,4,True,2,1.201
1,8,4,4,True,4,1.304
1,8,4,4,True,8,1.256
1,8,4,8,False,1,0.283
1,8,4,8,False,2,0.326
1,8,4,8,False,4,1.197
1,8,4,8,False,8,1.156
1,8,4,8,True,1,0.317
1,8,4,8,True,2,1.241
1,8,4,8,True,4,1.272
1,8,4,8,True,8,1.257
1,8,8,16,False,1,0.289
1,8,8,16,False,2,0.322
1,8,8,16,False,4,0.359
1,8,8,16,False,8,0.338
1,8,8,16,True,1,0.359
1,8,8,16,True,2,0.329
1,8,8,16,True,4,0.345
1,8,8,16,True,8,0.333
1,8,8,4,False,1,0.291
1,8,8,4,False,2,0.308
1,8,8,4,False,4,0.386
1,8,8,4,False,8,0.274
1,8,8,4,True,1,0.306
1,8,8,4,True,2,0.314
1,8,8,4,True,4,0.306
1,8,8,4,True,8,0.313
1,8,8,8,False,1,0.32
1,8,8,8,False,2,0.3
1,8,8,8,False,4,0.333
1,8,8,8,False,8,0.343
1,8,8,8,True,1,0.363
1,8,8,8,True,2,0.329
1,8,8,8,True,4,0.316
1,8,8,8,True,8,0.634
2,1,1,16,False,1,0.132
2,1,1,16,False,2,0.128
2,1,1,16,False,4,0.126
2,1,1,16,False,8,0.122
2,1,1,16,True,1,0.121
2,1,1,16,True,2,0.13
2,1,1,16,True,4,0.128
2,1,1,16,True,8,0.129
2,1,1,4,False,1,2.145
2,1,1,4,False,2,2.105
2,1,1,4,False,4,3.462
2,1,1,4,False,8,2.039
2,1,1,4,True,1,1.805
2,1,1,4,True,2,1.643
2,1,1,4,True,4,1.165
2,1,1,4,True,8,1.448
2,1,1,8,False,1,0.312
2,1,1,8,False,2,0.272
2,1,1,8,False,4,0.235
2,1,1,8,False,8,0.373
2,1,1,8,True,1,0.175
2,1,1,8,True,2,0.283
2,1,1,8,True,4,0.334
2,1,1,8,True,8,1.114
2,1,2,16,False,1,0.129
2,1,2,16,False,2,0.125
2,1,2,16,False,4,0.125
2,1,2,16,False,8,0.127
2,1,2,16,True,1,0.13
2,1,2,16,True,2,0.126
2,1,2,16,True,4,0.127
2,1,2,16,True,8,0.132
2,1,2,4,False,1,0.178
2,1,2,4,False,2,0.234
2,1,2,4,False,4,0.523
2,1,2,4,False,8,0.18
2,1,2,4,True,1,0.185
2,1,2,4,True,2,0.233
2,1,2,4,True,4,0.199
2,1,2,4,True,8,0.345
2,1,2,8,False,1,0.161
2,1,2,8,False,2,0.307
2,1,2,8,False,4,1.053
2,1,2,8,False,8,0.331
2,1,2,8,True,1,0.174
2,1,2,8,True,2,0.161
2,1,2,8,True,4,0.373
2,1,2,8,True,8,0.235
2,1,4,16,False,1,0.12
2,1,4,16,False,2,0.127
2,1,4,16,False,4,0.125
2,1,4,16,False,8,0.126
2,1,4,16,True,1,0.126
2,1,4,16,True,2,0.126
2,1,4,16,True,4,0.126
2,1,4,16,True,8,0.125
2,1,4,4,False,1,0.125
2,1,4,4,False,2,0.126
2,1,4,4,False,4,0.125
2,1,4,4,False,8,0.126
2,1,4,4,True,1,0.126
2,1,4,4,True,2,0.127
2,1,4,4,True,4,0.126
2,1,4,4,True,8,0.128
2,1,4,8,False,1,0.129
2,1,4,8,False,2,0.126
2,1,4,8,False,4,0.127
2,1,4,8,False,8,0.126
2,1,4,8,True,1,0.124
2,1,4,8,True,2,0.128
2,1,4,8,True,4,0.125
2,1,4,8,True,8,0.124
2,1,8,16,False,1,0.121
2,1,8,16,False,2,0.12
2,1,8,16,False,4,0.123
2,1,8,16,False,8,0.121
2,1,8,16,True,1,0.121
2,1,8,16,True,2,0.122
2,1,8,16,True,4,0.121
2,1,8,16,True,8,0.122
2,1,8,4,False,1,0.12
2,1,8,4,False,2,0.121
2,1,8,4,False,4,0.123
2,1,8,4,False,8,0.121
2,1,8,4,True,1,0.119
2,1,8,4,True,2,0.121
2,1,8,4,True,4,0.122
2,1,8,4,True,8,0.122
2,1,8,8,False,1,0.119
2,1,8,8,False,2,0.121
2,1,8,8,False,4,0.122
2,1,8,8,False,8,0.12
2,1,8,8,True,1,0.121
2,1,8,8,True,2,0.122
2,1,8,8,True,4,0.121
2,1,8,8,True,8,0.122
2,2,1,16,False,1,0.156
2,2,1,16,False,2,0.156
2,2,1,16,False,4,0.151
2,2,1,16,False,8,0.171
2,2,1,16,True,1,0.145
2,2,1,16,True,2,0.158
2,2,1,16,True,4,0.147
2,2,1,16,True,8,0.188
2,2,1,4,False,1,4.457
2,2,1,4,False,2,2.726
2,2,1,4,False,4,3.07
2,2,1,4,False,8,4.416
2,2,1,4,True,1,2.291
2,2,1,4,True,2,5.363
2,2,1,4,True,4,6.299
2,2,1,4,True,8,4.59
2,2,1,8,False,1,0.241
2,2,1,8,False,2,0.504
2,2,1,8,False,4,0.426
2,2,1,8,False,8,0.312
2,2,1,8,True,1,0.271
2,2,1,8,True,2,0.314
2,2,1,8,True,4,0.272
2,2,1,8,True,8,0.245
2,2,2,16,False,1,0.169
2,2,2,16,False,2,0.166
2,2,2,16,False,4,0.159
2,2,2,16,False,8,0.175
2,2,2,16,True,1,0.162
2,2,2,16,True,2,0.181
2,2,2,16,True,4,0.185
2,2,2,16,True,8,0.221
2,2,2,4,False,1,0.225
2,2,2,4,False,2,1.061
2,2,2,4,False,4,0.685
2,2,2,4,False,8,0.297
2,2,2,4,True,1,0.205
2,2,2,4,True,2,0.301
2,2,2,4,True,4,0.458
2,2,2,4,True,8,0.354
2,2,2,8,False,1,0.304
2,2,2,8,False,2,0.227
2,2,2,8,False,4,0.346
2,2,2,8,False,8,0.344
2,2,2,8,True,1,0.225
2,2,2,8,True,2,0.339
2,2,2,8,True,4,0.366
2,2,2,8,True,8,0.381
2,2,4,16,False,1,0.155
2,2,4,16,False,2,0.173
2,2,4,16,False,4,0.157
2,2,4,16,False,8,0.18
2,2,4,16,True,1,0.165
2,2,4,16,True,2,0.179
2,2,4,16,True,4,0.18
2,2,4,16,True,8,0.152
2,2,4,4,False,1,0.167
2,2,4,4,False,2,0.179
2,2,4,4,False,4,0.187
2,2,4,4,False,8,0.151
2,2,4,4,True,1,0.182
2,2,4,4,True,2,0.153
2,2,4,4,True,4,0.156
2,2,4,4,True,8,0.216
2,2,4,8,False,1,0.159
2,2,4,8,False,2,0.162
2,2,4,8,False,4,0.175
2,2,4,8,False,8,0.168
2,2,4,8,True,1,0.147
2,2,4,8,True,2,0.168
2,2,4,8,True,4,0.162
2,2,4,8,True,8,0.157
2,2,8,16,False,1,0.141
2,2,8,16,False,2,0.145
2,2,8,16,False,4,0.145
2,2,8,16,False,8,0.142
2,2,8,16,True,1,0.132
2,2,8,16,True,2,0.136
2,2,8,16,True,4,0.129
2,2,8,16,True,8,0.145
2,2,8,4,False,1,0.139
2,2,8,4,False,2,0.142
2,2,8,4,False,4,0.135
2,2,8,4,False,8,0.135
2,2,8,4,True,1,0.143
2,2,8,4,True,2,0.133
2,2,8,4,True,4,0.132
2,2,8,4,True,8,0.134
2,2,8,8,False,1,0.136
2,2,8,8,False,2,0.135
2,2,8,8,False,4,0.138
2,2,8,8,False,8,0.132
2,2,8,8,True,1,0.146
2,2,8,8,True,2,0.138
2,2,8,8,True,4,0.133
2,2,8,8,True,8,0.132
2,4,1,16,False,1,0.203
2,4,1,16,False,2,0.224
2,4,1,16,False,4,0.225
2,4,1,16,False,8,0.324
2,4,1,16,True,1,0.193
2,4,1,16,True,2,0.238
2,4,1,16,True,4,0.247
2,4,1,16,True,8,0.254
2,4,1,4,False,1,3.403
2,4,1,4,False,2,1.987
2,4,1,4,False,4,1.901
2,4,1,4,False,8,3.022
2,4,1,4,True,1,2.394
2,4,1,4,True,2,3.127
2,4,1,4,True,4,4.213
2,4,1,4,True,8,1.292
2,4,1,8,False,1,1.033
2,4,1,8,False,2,1.075
2,4,1,8,False,4,0.709
2,4,1,8,False,8,1.044
2,4,1,8,True,1,0.374
2,4,1,8,True,2,1.068
2,4,1,8,True,4,0.544
2,4,1,8,True,8,1.106
2,4,2,16,False,1,0.222
2,4,2,16,False,2,0.231
2,4,2,16,False,4,0.234
2,4,2,16,False,8,0.294
2,4,2,16,True,1,0.207
2,4,2,16,True,2,0.169
2,4,2,16,True,4,0.355
2,4,2,16,True,8,0.263
2,4,2,4,False,1,1.096
2,4,2,4,False,2,1.092
2,4,2,4,False,4,1.104
2,4,2,4,False,8,1.083
2,4,2,4,True,1,0.275
2,4,2,4,True,2,0.47
2,4,2,4,True,4,1.103
2,4,2,4,True,8,1.069
2,4,2,8,False,1,0.319
2,4,2,8,False,2,1.086
2,4,2,8,False,4,1.093
2,4,2,8,False,8,1.075
2,4,2,8,True,1,0.533
2,4,2,8,True,2,0.314
2,4,2,8,True,4,1.07
2,4,2,8,True,8,1.089
2,4,4,16,False,1,0.174
2,4,4,16,False,2,0.187
2,4,4,16,False,4,0.282
2,4,4,16,False,8,0.187
2,4,4,16,True,1,0.22
2,4,4,16,True,2,0.238
2,4,4,16,True,4,0.265
2,4,4,16,True,8,0.323
2,4,4,4,False,1,0.195
2,4,4,4,False,2,0.208
2,4,4,4,False,4,0.228
2,4,4,4,False,8,0.222
2,4,4,4,True,1,0.197
2,4,4,4,True,2,0.206
2,4,4,4,True,4,0.225
2,4,4,4,True,8,0.252
2,4,4,8,False,1,0.234
2,4,4,8,False,2,0.235
2,4,4,8,False,4,0.211
2,4,4,8,False,8,0.217
2,4,4,8,True,1,0.183
2,4,4,8,True,2,0.279
2,4,4,8,True,4,0.213
2,4,4,8,True,8,0.238
2,4,8,16,False,1,0.203
2,4,8,16,False,2,0.181
2,4,8,16,False,4,0.167
2,4,8,16,False,8,0.179
2,4,8,16,True,1,0.18
2,4,8,16,True,2,0.181
2,4,8,16,True,4,0.167
2,4,8,16,True,8,0.171
2,4,8,4,False,1,0.189
2,4,8,4,False,2,0.173
2,4,8,4,False,4,0.199
2,4,8,4,False,8,0.186
2,4,8,4,True,1,0.179
2,4,8,4,True,2,0.159
2,4,8,4,True,4,0.194
2,4,8,4,True,8,0.152
2,4,8,8,False,1,0.182
2,4,8,8,False,2,0.199
2,4,8,8,False,4,0.18
2,4,8,8,False,8,0.248
2,4,8,8,True,1,0.176
2,4,8,8,True,2,0.191
2,4,8,8,True,4,0.158
2,4,8,8,True,8,0.158
2,8,1,16,False,1,0.227
2,8,1,16,False,2,0.224
2,8,1,16,False,4,0.219
2,8,1,16,False,8,0.397
2,8,1,16,True,1,0.256
2,8,1,16,True,2,0.267
2,8,1,16,True,4,0.434
2,8,1,16,True,8,0.363
2,8,1,4,False,1,3.329
2,8,1,4,False,2,2.234
2,8,1,4,False,4,4.248
2,8,1,4,False,8,11.859
2,8,1,4,True,1,3.762
2,8,1,4,True,2,1.835
2,8,1,4,True,4,3.307
2,8,1,4,True,8,5.57
2,8,1,8,False,1,1.208
2,8,1,8,False,2,1.154
2,8,1,8,False,4,1.163
2,8,1,8,False,8,1.133
2,8,1,8,True,1,1.1
2,8,1,8,True,2,1.127
2,8,1,8,True,4,1.112
2,8,1,8,True,8,1.074
2,8,2,16,False,1,0.244
2,8,2,16,False,2,0.286
2,8,2,16,False,4,0.499
2,8,2,16,False,8,0.383
2,8,2,16,True,1,0.235
2,8,2,16,True,2,1.096
2,8,2,16,True,4,0.32
2,8,2,16,True,8,0.561
2,8,2,4,False,1,0.455
2,8,2,4,False,2,1.087
2,8,2,4,False,4,1.115
2,8,2,4,False,8,1.11
2,8,2,4,True,1,1.176
2,8,2,4,True,2,1.071
2,8,2,4,True,4,1.133
2,8,2,4,True,8,1.124
2,8,2,8,False,1,1.185
2,8,2,8,False,2,1.126
2,8,2,8,False,4,1.121
2,8,2,8,False,8,1.193
2,8,2,8,True,1,1.107
2,8,2,8,True,2,1.157
2,8,2,8,True,4,1.159
2,8,2,8,True,8,1.095
2,8,4,16,False,1,0.244
2,8,4,16,False,2,0.272
2,8,4,16,False,4,0.321
2,8,4,16,False,8,0.425
2,8,4,16,True,1,0.196
2,8,4,16,True,2,0.312
2,8,4,16,True,4,0.356
2,8,4,16,True,8,0.349
2,8,4,4,False,1,0.268
2,8,4,4,False,2,0.333
2,8,4,4,False,4,0.357
2,8,4,4,False,8,1.1
2,8,4,4,True,1,0.243
2,8,4,4,True,2,0.255
2,8,4,4,True,4,0.223
2,8,4,4,True,8,1.056
2,8,4,8,False,1,0.228
2,8,4,8,False,2,0.206
2,8,4,8,False,4,0.366
2,8,4,8,False,8,0.369
2,8,4,8,True,1,0.216
2,8,4,8,True,2,0.259
2,8,4,8,True,4,0.297
2,8,4,8,True,8,0.523
2,8,8,16,False,1,0.23
2,8,8,16,False,2,0.215
2,8,8,16,False,4,0.203
2,8,8,16,False,8,0.279
2,8,8,16,True,1,0.238
2,8,8,16,True,2,0.228
2,8,8,16,True,4,0.21
2,8,8,16,True,8,0.224
2,8,8,4,False,1,0.261
2,8,8,4,False,2,0.216
2,8,8,4,False,4,0.227
2,8,8,4,False,8,0.247
2,8,8,4,True,1,0.235
2,8,8,4,True,2,0.231
2,8,8,4,True,4,0.215
2,8,8,4,True,8,0.219
2,8,8,8,False,1,0.258
2,8,8,8,False,2,0.242
2,8,8,8,False,4,0.223
2,8,8,8,False,8,0.204
2,8,8,8,True,1,0.242
2,8,8,8,True,2,0.217
2,8,8,8,True,4,0.211
2,8,8,8,True,8,0.25
4,1,1,16,False,1,0.127
4,1,1,16,False,2,0.131
4,1,1,16,False,4,0.13
4,1,1,16,False,8,0.128
4,1,1,16,True,1,0.13
4,1,1,16,True,2,0.128
4,1,1,16,True,4,0.129
4,1,1,16,True,8,0.126
4,1,1,4,False,1,2.735
4,1,1,4,False,2,3.255
4,1,1,4,False,4,4.055
4,1,1,4,False,8,4.226
4,1,1,4,True,1,3.82
4,1,1,4,True,2,4.155
4,1,1,4,True,4,5.87
4,1,1,4,True,8,2.27
4,1,1,8,False,1,0.163
4,1,1,8,False,2,0.338
4,1,1,8,False,4,1.066
4,1,1,8,False,8,1.038
4,1,1,8,True,1,0.313
4,1,1,8,True,2,0.322
4,1,1,8,True,4,0.358
4,1,1,8,True,8,0.402
4,1,2,16,False,1,0.133
4,1,2,16,False,2,0.13
4,1,2,16,False,4,0.133
4,1,2,16,False,8,0.131
4,1,2,16,True,1,0.133
4,1,2,16,True,2,0.13
4,1,2,16,True,4,0.13
4,1,2,16,True,8,0.132
4,1,2,4,False,1,0.155
4,1,2,4,False,2,0.272
4,1,2,4,False,4,0.395
4,1,2,4,False,8,0.272
4,1,2,4,True,1,0.259
4,1,2,4,True,2,0.16
4,1,2,4,True,4,0.358
4,1,2,4,True,8,0.35
4,1,2,8,False,1,0.208
4,1,2,8,False,2,0.278
4,1,2,8,False,4,0.333
4,1,2,8,False,8,1.158
4,1,2,8,True,1,0.358
4,1,2,8,True,2,0.301
4,1,2,8,True,4,0.348
4,1,2,8,True,8,0.308
4,1,4,16,False,1,0.129
4,1,4,16,False,2,0.127
4,1,4,16,False,4,0.13
4,1,4,16,False,8,0.129
4,1,4,16,True,1,0.132
4,1,4,16,True,2,0.131
4,1,4,16,True,4,0.132
4,1,4,16,True,8,0.13
4,1,4,4,False,1,0.129
4,1,4,4,False,2,0.131
4,1,4,4,False,4,0.127
4,1,4,4,False,8,0.129
4,1,4,4,True,1,0.129
4,1,4,4,True,2,0.13
4,1,4,4,True,4,0.129
4,1,4,4,True,8,0.128
4,1,4,8,False,1,0.132
4,1,4,8,False,2,0.133
4,1,4,8,False,4,0.128
4,1,4,8,False,8,0.13
4,1,4,8,True,1,0.129
4,1,4,8,True,2,0.13
4,1,4,8,True,4,0.127
4,1,4,8,True,8,0.13
4,1,8,16,False,1,0.123
4,1,8,16,False,2,0.125
4,1,8,16,False,4,0.125
4,1,8,16,False,8,0.125
4,1,8,16,True,1,0.125
4,1,8,16,True,2,0.126
4,1,8,16,True,4,0.124
4,1,8,16,True,8,0.124
4,1,8,4,False,1,0.123
4,1,8,4,False,2,0.125
4,1,8,4,False,4,0.124
4,1,8,4,False,8,0.125
4,1,8,4,True,1,0.122
4,1,8,4,True,2,0.125
4,1,8,4,True,4,0.124
4,1,8,4,True,8,0.124
4,1,8,8,False,1,0.124
4,1,8,8,False,2,0.123
4,1,8,8,False,4,0.126
4,1,8,8,False,8,0.125
4,1,8,8,True,1,0.123
4,1,8,8,True,2,0.124
4,1,8,8,True,4,0.124
4,1,8,8,True,8,0.125
4,2,1,16,False,1,0.168
4,2,1,16,False,2,0.167
4,2,1,16,False,4,0.167
4,2,1,16,False,8,0.222
4,2,1,16,True,1,0.171
4,2,1,16,True,2,0.162
4,2,1,16,True,4,0.163
4,2,1,16,True,8,0.235
4,2,1,4,False,1,4.951
4,2,1,4,False,2,3.008
4,2,1,4,False,4,1.974
4,2,1,4,False,8,3.552
4,2,1,4,True,1,3.256
4,2,1,4,True,2,1.79
4,2,1,4,True,4,1.894
4,2,1,4,True,8,2.027
4,2,1,8,False,1,0.321
4,2,1,8,False,2,1.069
4,2,1,8,False,4,1.071
4,2,1,8,False,8,1.07
4,2,1,8,True,1,0.347
4,2,1,8,True,2,0.38
4,2,1,8,True,4,1.02
4,2,1,8,True,8,1.06
4,2,2,16,False,1,0.174
4,2,2,16,False,2,0.21
4,2,2,16,False,4,0.228
4,2,2,16,False,8,0.187
4,2,2,16,True,1,0.171
4,2,2,16,True,2,0.211
4,2,2,16,True,4,0.231
4,2,2,16,True,8,0.249
4,2,2,4,False,1,0.291
4,2,2,4,False,2,0.333
4,2,2,4,False,4,0.307
4,2,2,4,False,8,1.062
4,2,2,4,True,1,0.258
4,2,2,4,True,2,0.201
4,2,2,4,True,4,0.339
4,2,2,4,True,8,0.484
4,2,2,8,False,1,0.363
4,2,2,8,False,2,0.342
4,2,2,8,False,4,0.321
4,2,2,8,False,8,0.613
4,2,2,8,True,1,0.375
4,2,2,8,True,2,0.34
4,2,2,8,True,4,1.015
4,2,2,8,True,8,0.471
4,2,4,16,False,1,0.184
4,2,4,16,False,2,0.164
4,2,4,16,False,4,0.172
4,2,4,16,False,8,0.225
4,2,4,16,True,1,0.17
4,2,4,16,True,2,0.21
4,2,4,16,True,4,0.204
4,2,4,16,True,8,0.217
4,2,4,4,False,1,0.179
4,2,4,4,False,2,0.181
4,2,4,4,False,4,0.229
4,2,4,4,False,8,0.233
4,2,4,4,True,1,0.19
4,2,4,4,True,2,0.189
4,2,4,4,True,4,0.229
4,2,4,4,True,8,0.237
4,2,4,8,False,1,0.182
4,2,4,8,False,2,0.179
4,2,4,8,False,4,0.214
4,2,4,8,False,8,0.246
4,2,4,8,True,1,0.173
4,2,4,8,True,2,0.156
4,2,4,8,True,4,0.215
4,2,4,8,True,8,0.193
4,2,8,16,False,1,0.145
4,2,8,16,False,2,0.146
4,2,8,16,False,4,0.143
4,2,8,16,False,8,0.147
4,2,8,16,True,1,0.15
4,2,8,16,True,2,0.144
4,2,8,16,True,4,0.136
4,2,8,16,True,8,0.147
4,2,8,4,False,1,0.151
4,2,8,4,False,2,0.156
4,2,8,4,False,4,0.148
4,2,8,4,False,8,0.147
4,2,8,4,True,1,0.149
4,2,8,4,True,2,0.158
4,2,8,4,True,4,0.146
4,2,8,4,True,8,0.141
4,2,8,8,False,1,0.159
4,2,8,8,False,2,0.16
4,2,8,8,False,4,0.153
4,2,8,8,False,8,0.158
4,2,8,8,True,1,0.155
4,2,8,8,True,2,0.148
4,2,8,8,True,4,0.149
4,2,8,8,True,8,0.18
4,4,1,16,False,1,0.238
4,4,1,16,False,2,0.277
4,4,1,16,False,4,0.288
4,4,1,16,False,8,0.283
4,4,1,16,True,1,0.22
4,4,1,16,True,2,0.241
4,4,1,16,True,4,0.328
4,4,1,16,True,8,0.431
4,4,1,4,False,1,6.432
4,4,1,4,False,2,5.204
4,4,1,4,False,4,3.29
4,4,1,4,False,8,2.56
4,4,1,4,True,1,2.369
4,4,1,4,True,2,2.348
4,4,1,4,True,4,1.645
4,4,1,4,True,8,1.741
4,4,1,8,False,1,1.123
4,4,1,8,False,2,1.098
4,4,1,8,False,4,1.093
4,4,1,8,False,8,1.105
4,4,1,8,True,1,1.113
4,4,1,8,True,2,1.102
4,4,1,8,True,4,1.108
4,4,1,8,True,8,1.095
4,4,2,16,False,1,0.23
4,4,2,16,False,2,0.211
4,4,2,16,False,4,0.43
4,4,2,16,False,8,0.334
4,4,2,16,True,1,0.231
4,4,2,16,True,2,0.229
4,4,2,16,True,4,0.267
4,4,2,16,True,8,0.336
4,4,2,4,False,1,0.382
4,4,2,4,False,2,1.067
4,4,2,4,False,4,1.121
4,4,2,4,False,8,1.154
4,4,2,4,True,1,1.074
4,4,2,4,True,2,1.07
4,4,2,4,True,4,1.105
4,4,2,4,True,8,1.12
4,4,2,8,False,1,0.466
4,4,2,8,False,2,1.114
4,4,2,8,False,4,1.128
4,4,2,8,False,8,1.072
4,4,2,8,True,1,1.097
4,4,2,8,True,2,1.114
4,4,2,8,True,4,1.117
4,4,2,8,True,8,1.112
4,4,4,16,False,1,0.195
4,4,4,16,False,2,0.241
4,4,4,16,False,4,0.283
4,4,4,16,False,8,0.292
4,4,4,16,True,1,0.221
4,4,4,16,True,2,0.21
4,4,4,16,True,4,0.279
4,4,4,16,True,8,0.286
4,4,4,4,False,1,0.207
4,4,4,4,False,2,0.247
4,4,4,4,False,4,0.273
4,4,4,4,False,8,0.262
4,4,4,4,True,1,0.202
4,4,4,4,True,2,0.273
4,4,4,4,True,4,0.262
4,4,4,4,True,8,0.321
4,4,4,8,False,1,0.215
4,4,4,8,False,2,0.307
4,4,4,8,False,4,0.246
4,4,4,8,False,8,0.306
4,4,4,8,True,1,0.202
4,4,4,8,True,2,0.238
4,4,4,8,True,4,0.329
4,4,4,8,True,8,0.282
4,4,8,16,False,1,0.203
4,4,8,16,False,2,0.188
4,4,8,16,False,4,0.193
4,4,8,16,False,8,0.169
4,4,8,16,True,1,0.222
4,4,8,16,True,2,0.207
4,4,8,16,True,4,0.171
4,4,8,16,True,8,0.221
4,4,8,4,False,1,0.208
4,4,8,4,False,2,0.215
4,4,8,4,False,4,0.227
4,4,8,4,False,8,0.22
4,4,8,4,True,1,0.223
4,4,8,4,True,2,0.205
4,4,8,4,True,4,0.199
4,4,8,4,True,8,0.198
4,4,8,8,False,1,0.212
4,4,8,8,False,2,0.202
4,4,8,8,False,4,0.199
4,4,8,8,False,8,0.239
4,4,8,8,True,1,0.217
4,4,8,8,True,2,0.203
4,4,8,8,True,4,0.169
4,4,8,8,True,8,0.18
4,8,1,16,False,1,0.25
4,8,1,16,False,2,0.32
4,8,1,16,False,4,1.062
4,8,1,16,False,8,1.015
4,8,1,16,True,1,0.233
4,8,1,16,True,2,0.489
4,8,1,16,True,4,0.364
4,8,1,16,True,8,0.494
4,8,1,4,False,1,33.537
4,8,1,4,False,2,1.914
4,8,1,4,False,4,3.437
4,8,1,4,False,8,2.777
4,8,1,4,True,1,3.206
4,8,1,4,True,2,6.413
4,8,1,4,True,4,4.25
4,8,1,4,True,8,1.804
4,8,1,8,False,1,1.163
4,8,1,8,False,2,1.21
4,8,1,8,False,4,1.171
4,8,1,8,False,8,1.192
4,8,1,8,True,1,1.182
4,8,1,8,True,2,1.182
4,8,1,8,True,4,1.179
4,8,1,8,True,8,1.142
4,8,2,16,False,1,0.254
4,8,2,16,False,2,0.275
4,8,2,16,False,4,0.403
4,8,2,16,False,8,1.075
4,8,2,16,True,1,0.258
4,8,2,16,True,2,0.489
4,8,2,16,True,4,1.082
4,8,2,16,True,8,1.095
4,8,2,4,False,1,1.119
4,8,2,4,False,2,1.132
4,8,2,4,False,4,1.157
4,8,2,4,False,8,1.147
4,8,2,4,True,1,1.102
4,8,2,4,True,2,1.16
4,8,2,4,True,4,1.141
4,8,2,4,True,8,1.178
4,8,2,8,False,1,1.157
4,8,2,8,False,2,1.167
4,8,2,8,False,4,1.294
4,8,2,8,False,8,1.199
4,8,2,8,True,1,1.14
4,8,2,8,True,2,1.194
4,8,2,8,True,4,1.166
4,8,2,8,True,8,1.14
4,8,4,16,False,1,1.166
4,8,4,16,False,2,0.276
4,8,4,16,False,4,0.507
4,8,4,16,False,8,1.068
4,8,4,16,True,1,0.269
4,8,4,16,True,2,0.22
4,8,4,16,True,4,0.312
4,8,4,16,True,8,0.369
4,8,4,4,False,1,0.266
4,8,4,4,False,2,0.299
4,8,4,4,False,4,0.485
4,8,4,4,False,8,1.065
4,8,4,4,True,1,0.266
4,8,4,4,True,2,0.28
4,8,4,4,True,4,0.375
4,8,4,4,True,8,0.672
4,8,4,8,False,1,0.26
4,8,4,8,False,2,0.27
4,8,4,8,False,4,0.596
4,8,4,8,False,8,1.08
4,8,4,8,True,1,0.257
4,8,4,8,True,2,0.22
4,8,4,8,True,4,0.436
4,8,4,8,True,8,0.337
4,8,8,16,False,1,0.266
4,8,8,16,False,2,0.258
4,8,8,16,False,4,0.227
4,8,8,16,False,8,0.24
4,8,8,16,True,1,0.242
4,8,8,16,True,2,0.252
4,8,8,16,True,4,0.253
4,8,8,16,True,8,0.306
4,8,8,4,False,1,0.25
4,8,8,4,False,2,0.243
4,8,8,4,False,4,0.252
4,8,8,4,False,8,0.292
4,8,8,4,True,1,0.25
4,8,8,4,True,2,0.239
4,8,8,4,True,4,0.245
4,8,8,4,True,8,0.241
4,8,8,8,False,1,0.27
4,8,8,8,False,2,0.274
4,8,8,8,False,4,0.23
4,8,8,8,False,8,0.306
4,8,8,8,True,1,0.258
4,8,8,8,True,2,0.245
4,8,8,8,True,4,0.248
4,8,8,8,True,8,0.239
8,1,1,16,False,1,0.124
8,1,1,16,False,2,0.126
8,1,1,16,False,4,0.126
8,1,1,16,False,8,0.125
8,1,1,16,True,1,0.128
8,1,1,16,True,2,0.128
8,1,1,16,True,4,0.126
8,1,1,16,True,8,0.126
8,1,1,4,False,1,2.914
8,1,1,4,False,2,2.034
8,1,1,4,False,4,2.099
8,1,1,4,False,8,2.126
8,1,1,4,True,1,2.216
8,1,1,4,True,2,2.82
8,1,1,4,True,4,3.914
8,1,1,4,True,8,2.772
8,1,1,8,False,1,0.289
8,1,1,8,False,2,0.241
8,1,1,8,False,4,0.27
8,1,1,8,False,8,0.353
8,1,1,8,True,1,0.216
8,1,1,8,True,2,0.274
8,1,1,8,True,4,1.057
8,1,1,8,True,8,1.061
8,1,2,16,False,1,0.126
8,1,2,16,False,2,0.128
8,1,2,16,False,4,0.127
8,1,2,16,False,8,0.126
8,1,2,16,True,1,0.128
8,1,2,16,True,2,0.125
8,1,2,16,True,4,0.126
8,1,2,16,True,8,0.126
8,1,2,4,False,1,0.187
8,1,2,4,False,2,0.166
8,1,2,4,False,4,0.146
8,1,2,4,False,8,0.168
8,1,2,4,True,1,0.254
8,1,2,4,True,2,0.154
8,1,2,4,True,4,0.181
8,1,2,4,True,8,0.461
8,1,2,8,False,1,0.279
8,1,2,8,False,2,0.235
8,1,2,8,False,4,0.161
8,1,2,8,False,8,0.218
8,1,2,8,True,1,0.413
8,1,2,8,True,2,0.213
8,1,2,8,True,4,0.219
8,1,2,8,True,8,0.304
8,1,4,16,False,1,0.124
8,1,4,16,False,2,0.126
8,1,4,16,False,4,0.126
8,1,4,16,False,8,0.126
8,1,4,16,True,1,0.126
8,1,4,16,True,2,0.127
8,1,4,16,True,4,0.125
8,1,4,16,True,8,0.126
8,1,4,4,False,1,0.126
8,1,4,4,False,2,0.128
8,1,4,4,False,4,0.125
8,1,4,4,False,8,0.127
8,1,4,4,True,1,0.124
8,1,4,4,True,2,0.129
8,1,4,4,True,4,0.126
8,1,4,4,True,8,0.127
8,1,4,8,False,1,0.126
8,1,4,8,False,2,0.127
8,1,4,8,False,4,0.125
8,1,4,8,False,8,0.127
8,1,4,8,True,1,0.125
8,1,4,8,True,2,0.126
8,1,4,8,True,4,0.123
8,1,4,8,True,8,0.125
8,1,8,16,False,1,0.121
8,1,8,16,False,2,0.119
8,1,8,16,False,4,0.121
8,1,8,16,False,8,0.121
8,1,8,16,True,1,0.121
8,1,8,16,True,2,0.122
8,1,8,16,True,4,0.122
8,1,8,16,True,8,0.121
8,1,8,4,False,1,0.121
8,1,8,4,False,2,0.119
8,1,8,4,False,4,0.122
8,1,8,4,False,8,0.122
8,1,8,4,True,1,0.12
8,1,8,4,True,2,0.121
8,1,8,4,True,4,0.122
8,1,8,4,True,8,0.121
8,1,8,8,False,1,0.12
8,1,8,8,False,2,0.121
8,1,8,8,False,4,0.123
8,1,8,8,False,8,0.121
8,1,8,8,True,1,0.12
8,1,8,8,True,2,0.122
8,1,8,8,True,4,0.121
8,1,8,8,True,8,0.122
8,2,1,16,False,1,0.159
8,2,1,16,False,2,0.166
8,2,1,16,False,4,0.198
8,2,1,16,False,8,0.152
8,2,1,16,True,1,0.156
8,2,1,16,True,2,0.152
8,2,1,16,True,4,0.154
8,2,1,16,True,8,0.189
8,2,1,4,False,1,3.46
8,2,1,4,False,2,2.475
8,2,1,4,False,4,1.848
8,2,1,4,False,8,2.39
8,2,1,4,True,1,2.894
8,2,1,4,True,2,2.244
8,2,1,4,True,4,1.956
8,2,1,4,True,8,1.728
8,2,1,8,False,1,1.071
8,2,1,8,False,2,0.326
8,2,1,8,False,4,1.063
8,2,1,8,False,8,0.523
8,2,1,8,True,1,0.372
8,2,1,8,True,2,0.301
8,2,1,8,True,4,0.752
8,2,1,8,True,8,0.433
8,2,2,16,False,1,0.15
8,2,2,16,False,2,0.173
8,2,2,16,False,4,0.158
8,2,2,16,False,8,0.177
8,2,2,16,True,1,0.152
8,2,2,16,True,2,0.165
8,2,2,16,True,4,0.166
8,2,2,16,True,8,0.165
8,2,2,4,False,1,0.255
8,2,2,4,False,2,0.32
8,2,2,4,False,4,0.442
8,2,2,4,False,8,0.434
8,2,2,4,True,1,0.269
8,2,2,4,True,2,0.288
8,2,2,4,True,4,0.388
8,2,2,4,True,8,0.337
8,2,2,8,False,1,0.301
8,2,2,8,False,2,0.311
8,2,2,8,False,4,1.07
8,2,2,8,False,8,0.381
8,2,2,8,True,1,0.309
8,2,2,8,True,2,0.284
8,2,2,8,True,4,0.363
8,2,2,8,True,8,0.727
8,2,4,16,False,1,0.162
8,2,4,16,False,2,0.151
8,2,4,16,False,4,0.159
8,2,4,16,False,8,0.194
8,2,4,16,True,1,0.163
8,2,4,16,True,2,0.157
8,2,4,16,True,4,0.171
8,2,4,16,True,8,0.219
8,2,4,4,False,1,0.159
8,2,4,4,False,2,0.164
8,2,4,4,False,4,0.153
8,2,4,4,False,8,0.166
8,2,4,4,True,1,0.147
8,2,4,4,True,2,0.148
8,2,4,4,True,4,0.148
8,2,4,4,True,8,0.156
8,2,4,8,False,1,0.149
8,2,4,8,False,2,0.171
8,2,4,8,False,4,0.175
8,2,4,8,False,8,0.159
8,2,4,8,True,1,0.149
8,2,4,8,True,2,0.157
8,2,4,8,True,4,0.16
8,2,4,8,True,8,0.164
8,2,8,16,False,1,0.145
8,2,8,16,False,2,0.147
8,2,8,16,False,4,0.141
8,2,8,16,False,8,0.146
8,2,8,16,True,1,0.14
8,2,8,16,True,2,0.136
8,2,8,16,True,4,0.14
8,2,8,16,True,8,0.139
8,2,8,4,False,1,0.139
8,2,8,4,False,2,0.136
8,2,8,4,False,4,0.143
8,2,8,4,False,8,0.144
8,2,8,4,True,1,0.134
8,2,8,4,True,2,0.14
8,2,8,4,True,4,0.149
8,2,8,4,True,8,0.139
8,2,8,8,False,1,0.141
8,2,8,8,False,2,0.135
8,2,8,8,False,4,0.138
8,2,8,8,False,8,0.145
8,2,8,8,True,1,0.136
8,2,8,8,True,2,0.135
8,2,8,8,True,4,0.137
8,2,8,8,True,8,0.138
8,4,1,16,False,1,0.201
8,4,1,16,False,2,0.285
8,4,1,16,False,4,0.263
8,4,1,16,False,8,0.265
8,4,1,16,True,1,0.209
8,4,1,16,True,2,0.268
8,4,1,16,True,4,0.275
8,4,1,16,True,8,0.262
8,4,1,4,False,1,9.234
8,4,1,4,False,2,5.471
8,4,1,4,False,4,2.083
8,4,1,4,False,8,3.333
8,4,1,4,True,1,2.825
8,4,1,4,True,2,5.238
8,4,1,4,True,4,3.428
8,4,1,4,True,8,2.276
8,4,1,8,False,1,1.115
8,4,1,8,False,2,1.116
8,4,1,8,False,4,1.088
8,4,1,8,False,8,1.101
8,4,1,8,True,1,1.037
8,4,1,8,True,2,1.118
8,4,1,8,True,4,1.094
8,4,1,8,True,8,1.142
8,4,2,16,False,1,0.196
8,4,2,16,False,2,0.241
8,4,2,16,False,4,0.291
8,4,2,16,False,8,0.304
8,4,2,16,True,1,0.203
8,4,2,16,True,2,0.201
8,4,2,16,True,4,0.282
8,4,2,16,True,8,0.295
8,4,2,4,False,1,1.083
8,4,2,4,False,2,1.105
8,4,2,4,False,4,1.126
8,4,2,4,False,8,1.125
8,4,2,4,True,1,1.048
8,4,2,4,True,2,1.138
8,4,2,4,True,4,1.102
8,4,2,4,True,8,1.109
8,4,2,8,False,1,1.048
8,4,2,8,False,2,1.098
8,4,2,8,False,4,1.138
8,4,2,8,False,8,1.075
8,4,2,8,True,1,1.104
8,4,2,8,True,2,1.139
8,4,2,8,True,4,1.11
8,4,2,8,True,8,1.115
8,4,4,16,False,1,0.197
8,4,4,16,False,2,0.229
8,4,4,16,False,4,0.261
8,4,4,16,False,8,0.301
8,4,4,16,True,1,0.207
8,4,4,16,True,2,0.232
8,4,4,16,True,4,0.285
8,4,4,16,True,8,0.322
8,4,4,4,False,1,0.211
8,4,4,4,False,2,0.268
8,4,4,4,False,4,0.269
8,4,4,4,False,8,0.269
8,4,4,4,True,1,0.229
8,4,4,4,True,2,0.24
8,4,4,4,True,4,0.248
8,4,4,4,True,8,0.282
8,4,4,8,False,1,0.236
8,4,4,8,False,2,0.254
8,4,4,8,False,4,0.256
8,4,4,8,False,8,0.256
8,4,4,8,True,1,0.197
8,4,4,8,True,2,0.239
8,4,4,8,True,4,0.295
8,4,4,8,True,8,0.264
8,4,8,16,False,1,0.192
8,4,8,16,False,2,0.203
8,4,8,16,False,4,0.174
8,4,8,16,False,8,0.191
8,4,8,16,True,1,0.21
8,4,8,16,True,2,0.168
8,4,8,16,True,4,0.194
8,4,8,16,True,8,0.176
8,4,8,4,False,1,0.211
8,4,8,4,False,2,0.191
8,4,8,4,False,4,0.188
8,4,8,4,False,8,0.216
8,4,8,4,True,1,0.225
8,4,8,4,True,2,0.209
8,4,8,4,True,4,0.206
8,4,8,4,True,8,0.173
8,4,8,8,False,1,0.2
8,4,8,8,False,2,0.216
8,4,8,8,False,4,0.178
8,4,8,8,False,8,0.175
8,4,8,8,True,1,0.211
8,4,8,8,True,2,0.184
8,4,8,8,True,4,0.206
8,4,8,8,True,8,0.171
8,8,1,16,False,1,0.285
8,8,1,16,False,2,1.078
8,8,1,16,False,4,1.046
8,8,1,16,False,8,1.05
8,8,1,16,True,1,0.254
8,8,1,16,True,2,0.524
8,8,1,16,True,4,1.026
8,8,1,16,True,8,1.097
8,8,1,4,False,1,3.943
8,8,1,4,False,2,5.732
8,8,1,4,False,4,4.981
8,8,1,4,False,8,1.898
8,8,1,4,True,1,3.699
8,8,1,4,True,2,6.538
